{"basic_s": [[4.951862610950111, 4.951862610950364, 1.0001779513888875, 0.9306163194444445], [11.794980811665285, 10.327840666967234, 0.0099984165398006, 0.2541054612325778]], "agt_s": [[4.9518626109502], [11.794980811665427]], "value": [[20.068157378267053], [5.110142604159963]]}