{"basic_s": [[4.96015053671821, 4.9601505367185315, 0.9998177083332277, 0.9299435763888889], [11.826238371623292, 10.36109171397505, 0.0099983383493532, 0.2552420833672884]], "agt_s": [[4.960150536718277], [11.826238371623472]], "value": [[20.070720699203825], [5.148841336328826]]}